{
	"class_name" : "PinholeCameraParameters",
	"extrinsic" : 
	[
		0.99702541796365307,
		-0.076281083889438536,
		0.011023256100427569,
		0.0,
		-0.047514809566381939,
		-0.49572355077760966,
		0.86717962618843236,
		0.0,
		-0.060684914157256867,
		-0.86512389716449922,
		-0.49787346158299634,
		0.0,
		-0.46476524710237122,
		0.77068513659157922,
		2.8189444085266775,
		1.0
	],
	"intrinsic" : 
	{
		"height" : 720,
		"intrinsic_matrix" : 
		[
			623.53829072479584,
			0.0,
			0.0,
			0.0,
			623.53829072479584,
			0.0,
			539.5,
			359.5,
			1.0
		],
		"width" : 1080
	},
	"version_major" : 1,
	"version_minor" : 0
}