{
	"class_name" : "PinholeCameraParameters",
	"extrinsic" : 
	[
		0.99705468745021553,
		-0.076222545048025989,
		0.0084896324982133425,
		0.0,
		-0.044908610981966642,
		-0.49051116533666395,
		0.87027697507157942,
		0.0,
		-0.062170466406674597,
		-0.86809499497835474,
		-0.49248950526920571,
		0.0,
		-0.46524766208507151,
		0.76972030879704445,
		2.8157182050144747,
		1.0
	],
	"intrinsic" : 
	{
		"height" : 720,
		"intrinsic_matrix" : 
		[
			623.53829072479584,
			0.0,
			0.0,
			0.0,
			623.53829072479584,
			0.0,
			539.5,
			359.5,
			1.0
		],
		"width" : 1080
	},
	"version_major" : 1,
	"version_minor" : 0
}